-- MySQL dump 10.13  Distrib 8.0.40, for Win64 (x86_64)
--
-- Host: localhost    Database: sa_padaria_alemao
-- ------------------------------------------------------
-- Server version	8.0.40

/*!40101 SET @OLD_CHARACTER_SET_CLIENT=@@CHARACTER_SET_CLIENT */;
/*!40101 SET @OLD_CHARACTER_SET_RESULTS=@@CHARACTER_SET_RESULTS */;
/*!40101 SET @OLD_COLLATION_CONNECTION=@@COLLATION_CONNECTION */;
/*!50503 SET NAMES utf8 */;
/*!40103 SET @OLD_TIME_ZONE=@@TIME_ZONE */;
/*!40103 SET TIME_ZONE='+00:00' */;
/*!40014 SET @OLD_UNIQUE_CHECKS=@@UNIQUE_CHECKS, UNIQUE_CHECKS=0 */;
/*!40014 SET @OLD_FOREIGN_KEY_CHECKS=@@FOREIGN_KEY_CHECKS, FOREIGN_KEY_CHECKS=0 */;
/*!40101 SET @OLD_SQL_MODE=@@SQL_MODE, SQL_MODE='NO_AUTO_VALUE_ON_ZERO' */;
/*!40111 SET @OLD_SQL_NOTES=@@SQL_NOTES, SQL_NOTES=0 */;

--
-- Table structure for table `compras`
--

DROP TABLE IF EXISTS `compras`;
/*!40101 SET @saved_cs_client     = @@character_set_client */;
/*!50503 SET character_set_client = utf8mb4 */;
CREATE TABLE `compras` (
  `ID_compra` int NOT NULL,
  `ID_produto` int DEFAULT NULL,
  `ID_vendas` int DEFAULT NULL,
  PRIMARY KEY (`ID_compra`),
  KEY `ID_vendas` (`ID_vendas`),
  KEY `ID_produto` (`ID_produto`),
  CONSTRAINT `compras_ibfk_1` FOREIGN KEY (`ID_vendas`) REFERENCES `vendas` (`ID_vendas`),
  CONSTRAINT `compras_ibfk_2` FOREIGN KEY (`ID_produto`) REFERENCES `produtos` (`ID_produto`)
) ENGINE=InnoDB DEFAULT CHARSET=utf8mb4 COLLATE=utf8mb4_0900_ai_ci;
/*!40101 SET character_set_client = @saved_cs_client */;

--
-- Dumping data for table `compras`
--

LOCK TABLES `compras` WRITE;
/*!40000 ALTER TABLE `compras` DISABLE KEYS */;
INSERT INTO `compras` VALUES (1,34,87),(2,56,13),(3,11,102),(4,73,65),(5,94,38),(6,8,118),(7,110,42),(8,23,76),(9,66,59),(10,5,100),(11,89,2),(12,41,90),(13,30,43),(14,112,24),(15,67,11),(16,3,35),(17,49,108),(18,79,61),(19,115,17),(20,27,56),(21,39,84),(22,91,77),(23,19,50),(24,72,113),(25,12,98),(26,60,4),(27,35,31),(28,105,116),(29,18,20),(30,83,29),(31,52,15),(32,97,46),(33,6,111),(34,58,37),(35,86,94),(36,36,40),(37,1,55),(38,43,119),(39,101,6),(40,92,23),(41,64,71),(42,117,8),(43,70,12),(44,76,19),(45,44,68),(46,108,117),(47,2,32),(48,10,21),(49,17,70),(50,25,53),(51,93,91),(52,7,96),(53,26,5),(54,28,89),(55,62,88),(56,47,1),(57,114,92),(58,22,7),(59,51,60),(60,14,64),(61,103,34),(62,16,39),(63,78,110),(64,99,3),(65,13,33),(66,85,26),(67,74,30),(68,20,36),(69,59,106),(70,46,16),(71,118,93),(72,61,28),(73,90,72),(74,111,63),(75,21,10),(76,107,67),(77,100,95),(78,31,22),(79,42,58),(80,38,18),(81,109,54),(82,24,9),(83,84,44),(84,37,25),(85,68,47),(86,4,73),(87,15,75),(88,119,62),(89,57,57),(90,88,14),(91,95,27),(92,50,66),(93,32,97),(94,75,48),(95,87,45),(96,116,109),(97,29,107),(98,96,69),(99,9,80),(100,104,41),(101,120,49),(102,55,52),(103,45,74),(104,98,85),(105,80,86),(106,40,99),(107,69,105),(108,63,104),(109,33,103),(110,102,78),(111,71,81),(112,48,120),(113,82,114),(114,106,83),(115,77,115),(116,113,79),(117,81,70),(118,65,112),(119,54,101),(120,63,66);
/*!40000 ALTER TABLE `compras` ENABLE KEYS */;
UNLOCK TABLES;

--
-- Table structure for table `fornecedores`
--

DROP TABLE IF EXISTS `fornecedores`;
/*!40101 SET @saved_cs_client     = @@character_set_client */;
/*!50503 SET character_set_client = utf8mb4 */;
CREATE TABLE `fornecedores` (
  `ID_forn` int NOT NULL,
  `Nome_forn` varchar(40) DEFAULT NULL,
  `Telefone` char(20) DEFAULT NULL,
  `CNPJ` varchar(23) DEFAULT NULL,
  `UF` varchar(30) DEFAULT NULL,
  `Cidade` varchar(30) DEFAULT NULL,
  `Bairro` varchar(30) DEFAULT NULL,
  `Tipo` varchar(30) DEFAULT NULL,
  `CEP` varchar(30) DEFAULT NULL,
  `Num_empresa` int DEFAULT NULL,
  `Logradouro` varchar(60) DEFAULT NULL,
  `Email` varchar(60) DEFAULT NULL,
  `Data_fundacao` varchar(15) DEFAULT NULL,
  PRIMARY KEY (`ID_forn`)
) ENGINE=InnoDB DEFAULT CHARSET=utf8mb4 COLLATE=utf8mb4_0900_ai_ci;
/*!40101 SET character_set_client = @saved_cs_client */;

--
-- Dumping data for table `fornecedores`
--

LOCK TABLES `fornecedores` WRITE;
/*!40000 ALTER TABLE `fornecedores` DISABLE KEYS */;
INSERT INTO `fornecedores` VALUES (1,'Nova União Ltda.','+55 11 2244-5544','45.123.456/0001-89','SP','São Paulo','Bela Vista','Matriz','01310-100',1234,'Rua Augusta','contato@novauniao.com.br','15/03/2000'),(2,'Alimentos Estrela S.A.','+55 21 3344-7788','12.987.654/0001-23','RJ','Rio de Janeiro','Copacabana','Filial','22040-002',5678,'Avenida Atlântica','vendas@estrela.com','22/08/1995'),(3,'Panificadora Pão Quente','+55 31 9988-7766','23.456.789/0001-45','MG','Belo Horizonte','Savassi','Matriz','30140-111',321,'Rua Pernambuco','paoquente@padarias.com.br','09/11/2010'),(4,'Doces Maravilha ME','+55 41 3029-1188','89.123.456/0001-67','PR','Curitiba','Água Verde','Filial','80240-000',754,'Rua Chile','doces@maravilha.com.br','05/04/2005'),(5,'Bebidas do Sul Ltda.','+55 51 3342-1212','34.567.890/0001-32','RS','Porto Alegre','Centro','Matriz','90010-320',456,'Avenida Borges de Medeiros','atendimento@bebidassul.com','11/06/2003'),(6,'Cereais Nutrivida','+55 62 3087-9900','67.890.123/0001-44','GO','Goiânia','Setor Bueno','Filial','74210-080',981,'Rua T-63','nutrivida@cereais.com','18/02/1999'),(7,'Queijos da Serra Ltda.','+55 32 3234-5566','78.345.678/0001-98','MG','Juiz de Fora','São Mateus','Matriz','36025-120',602,'Rua São João','queijos@serra.com','12/07/2001'),(8,'Sabores do Brasil','+55 71 3245-7788','90.112.233/0001-11','BA','Salvador','Barra','Filial','40140-110',334,'Avenida Oceânica','sac@saboresbr.com','20/10/1997'),(9,'Distribuidora Alvorada','+55 85 3366-9988','56.789.012/0001-77','CE','Fortaleza','Meireles','Matriz','60175-000',889,'Rua Tibúrcio Cavalcante','alvorada@distrib.com','01/05/2004'),(10,'Farinha Boa Vista','+55 95 3221-1144','33.444.555/0001-66','RR','Boa Vista','Centro','Filial','69301-000',740,'Rua Floriano Peixoto','boavista@farinhas.com.br','30/09/1998'),(11,'Laticínios Monte Verde','+55 38 3222-3344','55.666.777/0001-88','MG','Montes Claros','Centro','Matriz','39400-000',1201,'Rua São Francisco','monteverde@laticinios.com','25/07/2002'),(12,'Café Brasil S.A.','+55 44 3030-9090','99.888.777/0001-22','PR','Maringá','Zona 07','Filial','87010-400',645,'Avenida São Paulo','contato@cafebrasil.com.br','14/02/1996'),(13,'Produtos Naturais Vida Leve','+55 92 3301-2211','22.333.444/0001-99','AM','Manaus','Centro','Matriz','69010-060',872,'Rua dos Andradas','vendas@vidaleve.com.br','19/06/2008'),(14,'Massa & Sabor Indústria','+55 19 3743-7788','11.222.333/0001-55','SP','Campinas','Taquaral','Filial','13076-010',532,'Rua Barão Geraldo','massaesabor@alimentos.com','28/03/2001'),(15,'Grãos do Cerrado','+55 61 3344-5566','44.555.666/0001-44','DF','Brasília','Asa Sul','Matriz','70390-070',413,'SQS 310 Bloco C','contato@graoscerrado.com','03/12/2006'),(16,'Panificadora Trigo de Ouro','+55 27 3223-3344','88.999.000/0001-11','ES','Vitória','Praia do Canto','Filial','29055-310',911,'Rua Aleixo Neto','trigoouro@padarias.com','10/04/2009'),(17,'Importadora Bela Mesa','+55 51 3344-2211','77.666.555/0001-33','RS','Canoas','Marechal Rondon','Matriz','92010-340',228,'Avenida Inconfidência','belamesa@import.com.br','07/07/2000'),(18,'Bolos & Cia Ltda.','+55 31 3210-1122','33.888.111/0001-77','MG','Contagem','Eldorado','Filial','32340-120',635,'Rua Tiradentes','bolos@bolosecia.com.br','09/05/2011'),(19,'Fornecedora Ideal','+55 47 3345-6677','10.202.303/0001-55','SC','Joinville','América','Matriz','89204-240',988,'Rua Blumenau','ideal@fornecedores.com','11/11/2004'),(20,'Distribuidora São Lucas','+55 21 2233-9988','20.303.404/0001-66','RJ','Niterói','Icaraí','Filial','24230-181',310,'Rua Álvares de Azevedo','sao.lucas@dist.com.br','16/01/1997'),(21,'Conservas Vale do Sol','+55 62 3265-4400','60.505.606/0001-77','GO','Anápolis','Centro','Matriz','75025-070',701,'Rua Barão do Rio Branco','contato@valedosol.com.br','08/09/2003'),(22,'Distribuidora Vitória','+55 27 3123-8899','70.707.808/0001-33','ES','Vila Velha','Praia da Costa','Filial','29101-920',457,'Rua Henrique Laranja','vendas@vitoria.com','12/04/2002'),(23,'NaturFoods S.A.','+55 13 3221-6633','80.909.010/0001-22','SP','Santos','Gonzaga','Matriz','11065-201',1299,'Avenida Ana Costa','naturfoods@alimentos.com','27/05/2005'),(24,'Cacau Brasil','+55 73 3214-5588','91.112.131/0001-44','BA','Ilhéus','Centro','Filial','45653-970',344,'Rua Bento Berilo','cacau@brasil.com','10/08/2000'),(25,'Delícias do Norte','+55 92 3305-7788','33.414.515/0001-66','AM','Parintins','São José','Matriz','69151-000',847,'Rua Barreirinha','contato@deliciasnorte.com','23/03/2004'),(26,'Tapioca Imperial','+55 81 3344-5566','45.516.617/0001-88','PE','Recife','Boa Viagem','Filial','51020-030',782,'Avenida Domingos Ferreira','imperial@tapioca.com.br','17/11/1999'),(27,'Sabor do Campo','+55 14 3366-2288','66.717.818/0001-99','SP','Bauru','Vila Falcão','Matriz','17055-030',399,'Rua Rio Branco','saborcampo@rural.com.br','06/06/2007'),(28,'Empório Central','+55 11 3221-3311','77.818.919/0001-11','SP','São Paulo','Liberdade','Filial','01503-000',923,'Rua Galvão Bueno','central@emporio.com.br','21/01/2006'),(29,'Mundo Vegano','+55 48 3232-5588','88.919.020/0001-22','SC','Florianópolis','Trindade','Matriz','88036-005',555,'Rua Capitão Romualdo','vegano@mundo.com','29/07/2009'),(30,'Petiscos Tropicais','+55 98 3212-7766','99.020.121/0001-33','MA','São Luís','Renascença','Filial','65075-400',611,'Avenida dos Holandeses','tropicais@petiscos.com','13/03/2010'),(31,'Pães & Companhia','+55 67 3321-4477','10.121.314/0001-44','MS','Campo Grande','Centro','Matriz','79002-972',311,'Rua 14 de Julho','paes@companhia.com.br','02/02/2005'),(32,'Biscoitos Maná Ltda.','+55 84 3213-8899','20.232.425/0001-55','RN','Natal','Petrópolis','Filial','59020-020',754,'Avenida Afonso Pena','mana@biscoitos.com','12/06/2008'),(33,'Condimentos Brasil','+55 98 3232-4477','30.343.536/0001-66','MA','Imperatriz','Nova Imperatriz','Matriz','65900-000',408,'Rua Ceará','contato@condbrasil.com','14/09/2006'),(34,'Distribuidora Nordeste','+55 83 3331-9900','40.454.647/0001-77','PB','João Pessoa','Tambaú','Filial','58039-000',202,'Avenida Epitácio Pessoa','nordeste@dist.com','05/12/1998'),(35,'Sabores da Terra','+55 65 3623-8811','50.565.758/0001-88','MT','Cuiabá','Centro Norte','Matriz','78005-100',845,'Rua Cândido Mariano','sabores@terra.com.br','16/10/2007'),(36,'Doce Encanto Ltda.','+55 62 3093-8877','60.676.869/0001-99','GO','Aparecida de Goiânia','Jardim Luz','Filial','74930-100',578,'Rua São Lucas','doceencanto@doces.com','20/04/2009'),(37,'Frutos da Amazônia','+55 92 3302-4466','70.787.970/0001-11','AM','Manaus','Adrianópolis','Matriz','69057-002',134,'Rua Recife','amazonia@frutos.com','11/07/2002'),(38,'Temperos do Chef','+55 71 3372-1144','80.898.081/0001-22','BA','Feira de Santana','Muchila','Filial','44053-020',239,'Rua São Domingos','chef@temperos.com','08/03/2010'),(39,'Padaria Imperial','+55 21 2221-1188','90.909.192/0001-33','RJ','Duque de Caxias','Jardim 25 de Agosto','Matriz','25070-020',693,'Rua Marechal Floriano','imperial@padaria.com','04/08/2001'),(40,'Alimentos Paraíso Ltda.','+55 43 3323-8877','11.010.203/0001-44','PR','Londrina','Centro','Filial','86010-001',1025,'Rua Piauí','paraiso@alimentos.com','24/05/2003'),(41,'Cafés e Chás do Sul','+55 51 3344-6622','22.121.314/0001-55','RS','Caxias do Sul','Centro','Matriz','95010-580',620,'Rua Sinimbu','cafesul@bebidas.com','13/03/2007'),(42,'Sabor e Tradição','+55 62 3266-3344','33.232.425/0001-66','GO','Rio Verde','Setor Oeste','Filial','75901-200',714,'Avenida Presidente Vargas','contato@sabortradicao.com','28/06/2004'),(43,'Frigorífico Central','+55 31 3215-7788','44.343.536/0001-77','MG','Uberlândia','Centro','Matriz','38400-010',483,'Rua Maranhão','frigorifico@central.com','05/10/2008'),(44,'Doces Caseiros','+55 27 3122-2233','55.454.647/0001-88','ES','Colatina','Santa Terezinha','Filial','29700-000',529,'Rua Minas Gerais','docescaseiros@doces.com','17/01/2002'),(45,'Cervejaria Pioneira','+55 48 3233-6677','66.565.758/0001-99','SC','Blumenau','Velha','Matriz','89010-300',357,'Rua XV de Novembro','pioneira@cervejas.com','12/08/2006'),(46,'Alimentos Naturais Verde Vida','+55 11 3222-4488','77.676.869/0001-11','SP','São Paulo','Jardim Paulista','Filial','01420-001',876,'Avenida Paulista','verdevida@naturais.com','29/04/2011'),(47,'Frutas Frescas Ltda.','+55 85 3367-9911','88.787.970/0001-22','CE','Juazeiro do Norte','Centro','Matriz','63010-240',143,'Rua Padre Cícero','frutasfrescas@alimentos.com','18/11/2007'),(48,'Molhos e Temperos Sabor & Cia','+55 21 2233-8899','99.898.081/0001-33','RJ','Nova Iguaçu','Centro','Filial','26230-080',257,'Rua Coronel Moreira César','saborcia@molhos.com','23/07/2003'),(49,'Panificadora Sol Nascente','+55 14 3221-6655','10.909.192/0001-44','SP','Ribeirão Preto','Centro','Matriz','14010-010',682,'Rua Álvares Cabral','solnascente@padaria.com','09/05/2010'),(50,'Distribuidora Campo Verde','+55 61 3344-2211','11.010.203/0001-55','DF','Taguatinga','Centro','Filial','72005-530',390,'Avenida Hélio Prates','campoverde@distrib.com','16/12/2005'),(51,'Cacau e Mel','+55 85 3322-4433','12.121.314/0001-66','CE','Fortaleza','Aldeota','Matriz','60115-240',512,'Rua Carlos Vasconcelos','cacauemel@doces.com','30/01/2009'),(52,'Mercado Natural Brasil','+55 41 3223-5566','13.232.425/0001-77','PR','Curitiba','Batel','Filial','80420-090',745,'Rua Comendador Araújo','mercadonatural@brasil.com','21/11/2006'),(53,'Frango Feliz Ltda.','+55 48 3333-6677','14.343.536/0001-88','SC','Joinville','Glória','Matriz','89202-000',358,'Rua das Palmeiras','frangofeliz@alimentos.com','17/05/2003'),(54,'Alimentos Premium','+55 27 3344-7788','15.454.647/0001-99','ES','Serra','Jacaraípe','Filial','29168-200',912,'Rua 7 de Setembro','premium@alimentos.com.br','11/08/2012'),(55,'Cervejaria Aurora','+55 51 3221-1122','16.565.758/0001-11','RS','Porto Alegre','Moinhos de Vento','Matriz','90570-010',673,'Rua Padre Chagas','aurora@cervejaria.com','23/06/2007'),(56,'Distribuidora São Jorge','+55 11 3344-2233','17.676.869/0001-22','SP','Guarulhos','Vila Galvão','Filial','07022-060',284,'Avenida Paulo Faccini','saorge@distrib.com','05/02/2005'),(57,'Sucos e Vitaminas Naturais','+55 62 3322-8877','18.787.970/0001-33','GO','Goiânia','Setor Bueno','Matriz','74223-030',463,'Rua 87','sucosnaturais@vitaminas.com','14/04/2011'),(58,'Molhos da Casa','+55 31 3211-5566','19.898.081/0001-44','MG','Belo Horizonte','Savassi','Filial','30130-150',812,'Rua Pernambuco','molhos@dacasa.com','27/09/2008'),(59,'Queijos da Serra','+55 43 3344-7788','20.909.192/0001-55','PR','Ponta Grossa','Uvaranas','Matriz','84015-060',699,'Rua Balduíno Taques','queijosserra@laticinios.com','01/12/2004'),(60,'Padaria Pão Quente','+55 19 3222-3344','21.010.203/0001-66','SP','Sorocaba','Centro','Filial','18013-040',415,'Rua Visconde de Inhaúma','paoque@padaria.com','18/10/2006');
/*!40000 ALTER TABLE `fornecedores` ENABLE KEYS */;
UNLOCK TABLES;

--
-- Table structure for table `funcionario`
--

DROP TABLE IF EXISTS `funcionario`;
/*!40101 SET @saved_cs_client     = @@character_set_client */;
/*!50503 SET character_set_client = utf8mb4 */;
CREATE TABLE `funcionario` (
  `ID_func` int NOT NULL,
  `Nome_func` varchar(40) DEFAULT NULL,
  `Telefone` char(20) DEFAULT NULL,
  `Sexo` varchar(11) DEFAULT NULL,
  `RG` varchar(15) DEFAULT NULL,
  `CPF` varchar(15) DEFAULT NULL,
  `Esta_civil` varchar(20) DEFAULT NULL,
  `UF` varchar(30) DEFAULT NULL,
  `Cidade` varchar(30) DEFAULT NULL,
  `Bairro` varchar(30) DEFAULT NULL,
  `Tipo` varchar(30) DEFAULT NULL,
  `CEP` varchar(30) DEFAULT NULL,
  `Num_casa` int DEFAULT NULL,
  `Logradouro` varchar(60) DEFAULT NULL,
  `Senha` varchar(12) DEFAULT NULL,
  `Email` varchar(60) DEFAULT NULL,
  `Nivel` int DEFAULT NULL,
  `Data_nascimento` varchar(15) DEFAULT NULL,
  `Data_admissao` varchar(15) DEFAULT NULL,
  `Cargo` varchar(20) DEFAULT NULL,
  PRIMARY KEY (`ID_func`)
) ENGINE=InnoDB DEFAULT CHARSET=utf8mb4 COLLATE=utf8mb4_0900_ai_ci;
/*!40101 SET character_set_client = @saved_cs_client */;

--
-- Dumping data for table `funcionario`
--

LOCK TABLES `funcionario` WRITE;
/*!40000 ALTER TABLE `funcionario` DISABLE KEYS */;
INSERT INTO `funcionario` VALUES (1,'Yago Nascimento','+55 41 0512 6087','Feminino','81457032X','157.269.304-52','Solteiro','PB','Rezende Verde','Comiteco','Residencial','20755-346',991,'Colônia Letícia Silveira','*8#rK@t8aP','tcunha@da.org',2,'30/10/2002','22/02/2016','Ajudante Geral'),(2,'Otávio Carvalho','+55 84 4977 9264','Feminino','350672416','209.154.873-14','Casado','SE','da Paz de Minas','São Francisco Das Chagas','Residencial','66671-677',758,'Travessa de Pinto','d9HN1jKo)h','sabrinajesus@ig.com.br',3,'11/02/1987','09/06/2019','Confeiteiro'),(3,'Enrico Viana','+55 (011) 0186 6111','Masculino','087512439','365.812.704-07','Casado','RN','Moura','Nova Suíça','Comercial','88065954',171,'Distrito de da Mota','X$5ShZcpm&','jrodrigues@nascimento.com',3,'04/11/1972','03/06/2017','Supervisor'),(4,'Pedro Henrique Santos','+55 21 3210-2539','Feminino','783104625','815.643.279-73','Solteiro','SC','da Paz','Independência','Residencial','34457032',475,'Praça Monteiro','P_1Kme$iRg','fda-costa@rezende.com',1,'24/11/1964','01/03/2021','Padeiro'),(5,'Dr. Emanuel Cunha','+55 11 0786 6622','Outro','486072319','045.782.631-26','Divorciado','SP','Viana','Vila Engenho Nogueira','Comercial','95876-659',498,'Jardim de Novaes',')LOkCtHi93','martinsgabrielly@gmail.com',3,'19/08/1989','23/05/2017','Entregador'),(6,'Dra. Marina Nascimento','+55 (031) 7302-8946','Feminino','416703525','893.546.120-24','Solteiro','AP','Almeida','Vila São Paulo','Comercial','45173-889',204,'Fazenda Alves','^TPVktYaa1','castrolaura@da.com',5,'27/06/1988','11/10/2022','Confeiteiro'),(7,'Sr. Thomas Almeida','+55 (011) 8705-3657','Masculino','310284569','048.127.396-40','Viúvo','PE','Nogueira','Vila Inestan','Comercial','10913-566',877,'Passarela de Farias','C+0J1VvlYa','leticia20@dias.org',4,'17/06/1999','10/01/2024','Caixa'),(8,'Vitória Viana','+55 51 9017 9611','Masculino','217536086','057.612.943-70','Casado','BA','Carvalho dos Dourados','Copacabana','Residencial','41327118',189,'Passarela da Mota','+GYhZ#ox16','manuela06@campos.br',5,'21/10/1988','30/10/2017','Entregador'),(9,'Leandro Almeida','+55 51 5564 4029','Masculino','754231689','034.185.627-44','Separado','MG','da Rosa','Vila Engenho Nogueira','Residencial','67312-594',515,'Colônia Moura','^5Mb38Hon6','fernanda48@alves.com',5,'15/05/1965','06/09/2018','Caixa'),(10,'Caroline Souza','(021) 9686-0131','Feminino','82301647X','541.897.026-76','Viúvo','AC','Moura do Sul','Conjunto Floramar','Comercial','80796492',680,'Morro Maria Julia Ribeiro','#0K@sLnb$6','wrocha@yahoo.com.br',1,'12/09/1975','14/10/2018','Caixa'),(11,'Luigi Rocha','(011) 0354 9108','Outro','012746381','178.963.045-20','Casado','AL','da Luz','Ipiranga','Comercial','40567-426',329,'Lago Cardoso','4%O6SiNvs)','lopesenrico@yahoo.com.br',3,'09/08/1983','11/12/2021','Gerente'),(12,'Luiza Costa','+55 (011) 6783-9909','Outro','021358643','509.421.836-06','Divorciado','ES','Vieira do Campo','Ápia','Residencial','80483-877',268,'Morro de das Neves','#jl@N6G%4Y','bryanmoura@hotmail.com',4,'16/09/2004','04/10/2017','Entregador'),(13,'Valentina da Conceição','31 8981 2349','Masculino','876154306','412.376.598-09','Divorciado','MG','Campos','Vila Suzana Primeira Seção','Comercial','98324-859',383,'Avenida de Cardoso','mr7UB%kl)r','lorenzo97@viana.org',1,'10/12/1995','05/01/2024','Auxiliar de Limpeza'),(14,'Emanuelly Rodrigues','11 8881-2167','Outro','670851425','492.507.861-58','Separado','ES','Gomes','Vitoria Da Conquista','Comercial','31724-982',840,'Via Porto','e!(oO5w*^I','waragao@rocha.net',1,'15/12/1980','02/11/2020','Auxiliar de Limpeza'),(15,'Sabrina Rocha','+55 84 9395-7259','Outro','046253877','931.725.860-30','Casado','MA','Alves da Praia','Marieta 3ª Seção','Residencial','32008570',972,'Vereda Castro','T^40KnW9)y','anthony36@gmail.com',2,'09/04/1963','18/01/2022','Atendente'),(16,'Srta. Maria Julia Melo','+55 (041) 7189 6912','Feminino','562813706','543.890.672-65','Separado','AC','Rezende','Saudade','Residencial','62761-361',464,'Trecho Rocha','y!u6MYouiT','enricoda-rosa@moreira.br',5,'21/09/1968','06/03/2018','Atendente'),(17,'Luiz Felipe Melo','+55 11 3321-7922','Feminino','12347680X','021.478.635-80','Solteiro','AL','Jesus','Vila Madre Gertrudes 2ª Seção','Residencial','62132517',295,'Colônia Caroline Nunes','+nPSL*ej6#','aragaodaniela@uol.com.br',5,'07/02/1995','07/09/2015','Auxiliar de Limpeza'),(18,'Dra. Milena Santos','+55 84 2808-4784','Feminino','104736252','493.802.671-69','Solteiro','AP','Lima de Carvalho','Vila São Francisco','Residencial','63784-841',215,'Avenida de Nogueira','%B0sUZfLSP','camila79@pires.org',5,'17/01/1977','17/07/2021','Auxiliar de Limpeza'),(19,'Marcela Cunha','+55 51 6464 6606','Masculino','164203758','451.039.827-14','Solteiro','PB','das Neves','Marieta 3ª Seção','Comercial','46305-241',601,'Trecho da Costa','Dyc$Ega&#5','ncardoso@monteiro.com',4,'20/02/2007','01/07/2017','Entregador'),(20,'Sr. Isaac Barbosa','(061) 3315 3786','Feminino','607345822','091.485.637-57','Viúvo','SE','Peixoto','São Bernardo','Residencial','38357-272',856,'Feira das Neves','lZzs5Bch(h','leticia10@duarte.org',3,'18/04/2000','05/02/2017','Ajudante Geral'),(21,'Gustavo da Paz','(081) 1872 6427','Feminino','485721302','085.947.261-20','Solteiro','RN','Mendes','Horto Florestal','Residencial','68790-985',314,'Setor Lívia Mendes','&LDms7JC65','isantos@yahoo.com.br',5,'14/02/1990','22/09/2020','Gerente'),(22,'Davi Lucas da Paz','+55 (041) 6702 9215','Outro','085362748','078.591.246-02','Separado','AC','Pires','Conjunto Paulo Vi','Comercial','69101660',187,'Conjunto Vitor Novaes','_2tTXg&u+8','eloah72@ig.com.br',2,'25/01/1982','14/07/2024','Ajudante Geral'),(23,'Ana Laura Viana','81 4142-7382','Outro','546021839','794.120.536-06','Solteiro','PA','Pinto Verde','Lourdes','Residencial','62969-622',321,'Condomínio Lopes','Y5$*QmwU@n','manuelaramos@da.br',3,'08/06/1977','03/06/2019','Confeiteiro'),(24,'Elisa Monteiro','+55 81 0415 9400','Masculino','253184769','916.248.357-91','Solteiro','PA','da Conceição da Praia','Aeroporto','Comercial','49496-337',299,'Lagoa de Gonçalves','Z88Sq&J%_6','lopesisabella@martins.org',5,'28/10/1971','22/12/2024','Ajudante Geral'),(25,'Maria Eduarda Pereira','31 6635 6290','Outro','537184065','165.792.483-19','Separado','ES','Peixoto da Serra','Vila Nova','Residencial','10956-535',866,'Pátio Maria Vitória Gomes','8$1GgU^9%7','maria-fernanda30@uol.com.br',3,'30/06/1962','11/08/2024','Auxiliar de Limpeza'),(26,'Dra. Emanuelly da Mata','(021) 7787 6933','Outro','374150862','398.741.502-97','Solteiro','PA','da Rosa Grande','São João','Residencial','51946-231',234,'Viela de Carvalho','F(gLc8Oa#K','mendescaio@uol.com.br',3,'19/04/1962','02/05/2020','Confeiteiro'),(27,'Diogo Pereira','+55 (051) 9906-1571','Masculino','354021862','812.394.750-04','Casado','PB','da Mota do Oeste','Ventosa','Comercial','15794767',689,'Viela de Ramos','$e)+9Yah%+','gomesnatalia@da.com',2,'25/05/2003','27/02/2023','Entregador'),(28,'Ana Clara Pinto','+55 81 9025 7006','Feminino','642817054','365.074.129-61','Casado','ES','Martins de Goiás','Vera Cruz','Residencial','13387-897',385,'Fazenda Eloah Jesus','assoC3Ou%)','carolinebarbosa@aragao.br',4,'04/10/1979','15/03/2021','Entregador'),(29,'Cauã Rodrigues','0800 514 6677','Masculino','063257816','789.140.263-96','Separado','AL','Viana','Vila Havaí','Residencial','05757492',151,'Largo de Rezende',')BGuhUUlE6','goncalvescatarina@melo.br',1,'11/06/1986','05/10/2021','Auxiliar de Limpeza'),(30,'Luiz Henrique Almeida','+55 (081) 4315-4663','Outro','841537604','431.689.527-37','Divorciado','AP','da Cunha do Galho','Conjunto Capitão Eduardo','Comercial','32150491',675,'Viaduto de Jesus','!&9RL4Qv8+','gmoreira@bol.com.br',3,'24/03/1980','09/02/2021','Supervisor'),(31,'Luiza Peixoto','+55 84 0057 3468','Masculino','124706538','890.124.653-89','Viúvo','ES','Aragão da Praia','Luxemburgo','Comercial','52228004',437,'Fazenda João Felipe Pereira','_@3$M$m6s3','esther07@porto.br',4,'10/01/1997','15/06/2023','Padeiro'),(32,'Antônio Mendes','(011) 1025 4428','Outro','248170363','186.407.953-39','Viúvo','MS','Farias de Moraes','Floramar','Comercial','26580813',284,'Loteamento Campos',')1LkT3LxR@','rodriguesana-beatriz@cardoso.org',2,'30/07/1969','06/11/2024','Confeiteiro'),(33,'João Lucas Lima','61 8613 8770','Outro','703142689','843.019.527-05','Casado','RS','Fernandes da Serra','Santo Antônio','Comercial','60467-205',453,'Praia Enzo Caldeira','TO*6A&igPb','alvesian@gmail.com',3,'12/02/1995','26/06/2018','Ajudante Geral'),(34,'Mariana Nogueira','+55 (021) 1764 3096','Masculino','561234784','593.241.680-70','Divorciado','AC','Nunes de Cavalcanti','Santa Rosa','Residencial','50167324',332,'Estrada Moraes','m_2kXHeqZz','duarterodrigo@hotmail.com',5,'26/01/1965','27/01/2018','Entregador'),(35,'Enzo Gabriel Nunes','(084) 8983-4517','Feminino','735164022','946.528.071-20','Viúvo','TO','Moraes','Minas Caixa','Comercial','76404706',943,'Trecho de Pereira','3DYX6Wcx%(','vitorcavalcanti@mendes.com',1,'03/08/2000','25/10/2021','Auxiliar de Limpeza'),(36,'Pietra Pinto','+55 81 5497-9997','Feminino','304821676','940.327.168-03','Divorciado','RN','Rezende','Conjunto Califórnia I','Comercial','66426-356',241,'Área Ian Porto','^rl80OAv(m','joao-felipe55@cunha.br',5,'17/02/1982','02/10/2020','Confeiteiro'),(37,'Maria Vitória Freitas','+55 21 2612 9740','Feminino','725186434','360.859.721-21','Separado','RO','Pires','Vila Rica','Comercial','09928-437',577,'Distrito Vitor Hugo Freitas','@9iGEiod&9','danielpires@gmail.com',4,'09/03/1979','13/08/2019','Entregador'),(38,'Marcelo Mendes','31 7906 2356','Outro','061342750','875.912.046-02','Solteiro','AC','Vieira','Nossa Senhora Da Aparecida','Residencial','29995-572',89,'Viela de Caldeira','02PLqly2&V','erodrigues@barbosa.br',1,'26/08/1966','24/11/2019','Supervisor'),(39,'Júlia da Cruz','+55 31 0976 6576','Masculino','481263573','967.345.810-39','Solteiro','SC','Nascimento','Conjunto Paulo Vi','Residencial','41079-356',647,'Setor de Duarte','(26JY!ohHi','nicolas80@yahoo.com.br',4,'03/10/1977','25/10/2017','Padeiro'),(40,'Srta. Maria Sophia da Costa','+55 (084) 0503 9124','Masculino','254160736','941.852.670-02','Separado','BA','Ferreira de Campos','Mirtes','Residencial','59027-981',554,'Aeroporto de da Luz','(a$1NSnLx7','juanda-mota@da.br',5,'10/08/1989','10/08/2015','Estoquista'),(41,'Renan Correia','+55 81 4973 9284','Masculino','034521781','607.385.124-35','Divorciado','MS','Moura','Santa Rita De Cássia','Residencial','01332-803',105,'Recanto Joana Monteiro','F07&T8Ww&8','danielcavalcanti@bol.com.br',1,'16/07/2001','09/08/2023','Caixa'),(42,'Marina Costa','61 1712 9056','Masculino','078163250','978.463.512-73','Viúvo','DF','Rodrigues','Capitão Eduardo','Residencial','12165348',564,'Viela Augusto Costa',')4iCx5ZeKI','sabrina51@bol.com.br',2,'10/03/1984','29/08/2019','Estoquista'),(43,'Augusto da Rosa','41 4883 4614','Outro','357402613','910.523.478-60','Separado','PR','da Cunha','Vila Independencia 1ª Seção','Residencial','17427-830',359,'Estação de Nogueira','N0Nmr+vK#t','murilo77@peixoto.org',3,'21/07/1975','09/07/2020','Padeiro'),(44,'Lorenzo Ferreira','(084) 9099-9854','Feminino','185403724','271.938.406-22','Casado','RO','Aragão','Novo Aarão Reis','Comercial','71753326',988,'Colônia de Vieira','@ZXUlBJ%V7','jmonteiro@yahoo.com.br',5,'05/06/1995','27/02/2023','Caixa'),(45,'João Vitor da Costa','+55 (081) 0851 8416','Outro','108734250','802.674.395-47','Casado','TO','Silveira do Oeste','Betânia','Comercial','93673369',117,'Sítio Bryan Campos',')raMKvCYo4','nunesana-sophia@ig.com.br',3,'09/04/1990','20/10/2017','Caixa'),(46,'Diego Aragão','+55 (071) 3275 7259','Outro','137850645','180.354.769-39','Viúvo','PA','Caldeira','Senhor Dos Passos','Comercial','53704-876',685,'Viela Rocha','x*9lJQ2f@y','joao-vitor73@costa.net',2,'09/10/1965','05/06/2015','Atendente'),(47,'Mariane Aragão','(084) 5425-3093','Feminino','835271067','468.192.073-87','Viúvo','SP','Fernandes Alegre','Virgínia','Comercial','67478955',485,'Área Caio Gomes','NRDl3IiwS$','vitoria48@moreira.br',4,'28/10/1979','08/01/2024','Estoquista'),(48,'Valentina Ribeiro','71 6243-2452','Outro','405718627','306.854.971-00','Casado','AC','Cardoso da Serra','Etelvina Carneiro','Comercial','31241-698',897,'Parque Cardoso','*PXzs%_*c3','souzamaria-fernanda@yahoo.com.br',4,'19/06/1980','20/08/2022','Supervisor'),(49,'Sophia Pereira','(071) 1594 7695','Outro','265108470','516.029.483-05','Divorciado','DF','Almeida do Oeste','Pantanal','Comercial','16145-320',156,'Parque de Ramos','iYX4By*e@4','thales54@cardoso.net',4,'22/01/1990','23/08/2020','Auxiliar de Limpeza'),(50,'Bruna Nascimento','(021) 2092 8255','Feminino','630875145','972.814.035-50','Divorciado','GO','Martins dos Dourados','Castanheira','Residencial','92941-190',825,'Fazenda Novaes','wh3QKX^7A!','da-matamaria-luiza@moreira.net',5,'19/04/1964','07/06/2017','Caixa'),(51,'Marcelo Nunes','0300 725 4285','Outro','365128740','529.784.301-41','Solteiro','MA','da Mata','Alta Tensão 2ª Seção','Comercial','31414834',257,'Conjunto Azevedo','g79E%4LtM@','dpinto@ig.com.br',2,'22/03/1967','08/11/2022','Entregador'),(52,'João Miguel da Cunha','+55 (021) 5155 5451','Masculino','18074236X','210.649.538-24','Separado','CE','Porto da Serra','Indaiá','Residencial','99358102',953,'Condomínio Rodrigues','3GsBmbZq#3','limastephany@da.com',1,'18/06/2005','17/05/2021','Entregador'),(53,'Dr. João Vitor Correia','+55 21 5293 1370','Outro','430817629','970.564.813-10','Viúvo','RO','Jesus','Alípio De Melo','Comercial','72439-910',152,'Esplanada de Martins','*C#O0LJi*x','carolina70@uol.com.br',1,'10/10/1998','28/02/2021','Padeiro'),(54,'Kevin Fogaça','0300-101-9420','Feminino','45103627X','298.750.314-88','Separado','RJ','Nogueira','Vila Inestan','Residencial','72224-820',211,'Praça Emanuel Castro','t+^1Ym^pcN','castroalexia@pereira.net',1,'13/02/1991','24/03/2020','Caixa'),(55,'Sra. Ana Júlia Santos','+55 (061) 1432 6138','Outro','26740153X','495.732.601-07','Casado','MT','Alves do Oeste','Vila Vista Alegre','Comercial','50988716',281,'Estação Castro','h1yIy*g%@d','ana-clara95@costela.br',5,'13/09/1984','27/04/2020','Caixa'),(56,'Ryan Oliveira','+55 (021) 9233-8848','Outro','712468353','851.093.462-24','Separado','PE','Porto','Tupi A','Comercial','56990-343',837,'Estrada de Nunes','&8WLRK*Uzh','dda-cunha@rezende.net',4,'08/09/1976','01/01/2018','Estoquista'),(57,'Ana Lívia Nunes','+55 (021) 8559 6242','Masculino','478260131','941.372.086-03','Divorciado','AM','Pereira de da Conceição','São Francisco','Comercial','43439-513',532,'Viela de Souza','+6Xv@MTCZ_','vitor-hugoduarte@silva.br',4,'13/03/1970','15/03/2019','Entregador'),(58,'Anthony Silveira','(041) 3046-9184','Masculino','768021431','689.430.217-04','Solteiro','DF','Freitas','Grotinha','Residencial','60589-566',935,'Vereda de Araújo','C4_7cHEh#T','gcavalcanti@teixeira.com',1,'02/01/2002','11/03/2019','Atendente'),(59,'Nicole Melo','+55 (061) 1891 3658','Masculino','25064387X','495.710.382-88','Divorciado','PE','Vieira','Aparecida 7ª Seção','Residencial','28031-929',874,'Área de Souza','(1pDc#VKu%','limadaniela@da.br',5,'29/08/1989','21/04/2021','Confeiteiro'),(60,'Agatha Gomes','+55 (041) 1018 6066','Feminino','376582042','370.519.268-02','Casado','CE','Viana das Flores','Vila Havaí','Residencial','00302-860',689,'Rua Correia','2kezJngH!d','pietromonteiro@martins.com',2,'07/05/1964','04/12/2019','Confeiteiro');
/*!40000 ALTER TABLE `funcionario` ENABLE KEYS */;
UNLOCK TABLES;

--
-- Table structure for table `produtos`
--

DROP TABLE IF EXISTS `produtos`;
/*!40101 SET @saved_cs_client     = @@character_set_client */;
/*!50503 SET character_set_client = utf8mb4 */;
CREATE TABLE `produtos` (
  `ID_produto` int NOT NULL,
  `ID_forn` int DEFAULT NULL,
  `Nome_prod` varchar(60) DEFAULT NULL,
  `Preco` decimal(10,2) DEFAULT NULL,
  `Unid_medida` char(2) DEFAULT NULL,
  `Validade` varchar(15) DEFAULT NULL,
  `Qntd_produto` int DEFAULT NULL,
  PRIMARY KEY (`ID_produto`),
  KEY `ID_forn` (`ID_forn`),
  CONSTRAINT `produtos_ibfk_1` FOREIGN KEY (`ID_forn`) REFERENCES `fornecedores` (`ID_forn`)
) ENGINE=InnoDB DEFAULT CHARSET=utf8mb4 COLLATE=utf8mb4_0900_ai_ci;
/*!40101 SET character_set_client = @saved_cs_client */;

--
-- Dumping data for table `produtos`
--

LOCK TABLES `produtos` WRITE;
/*!40000 ALTER TABLE `produtos` DISABLE KEYS */;
INSERT INTO `produtos` VALUES (1,1,'Pão Francês',0.50,'UN','2025-06-15',100),(2,1,'Croissant',2.00,'UN','2025-06-20',50),(3,2,'Pão Integral',1.20,'UN','2025-06-18',80),(4,2,'Baguete',1.50,'UN','2025-06-19',60),(5,3,'Pão de Queijo',1.80,'UN','2025-06-22',90),(6,3,'Rosca Doce',3.50,'UN','2025-06-25',40),(7,4,'Fatia de Bolo Chocolate',4.00,'UN','2025-06-17',70),(8,4,'Fatia de Bolo Fubá',3.50,'UN','2025-06-16',80),(9,5,'Empada de Frango',5.00,'UN','2025-06-21',55),(10,5,'Empada de Palmito',5.00,'UN','2025-06-21',50),(11,6,'Pão Doce',1.70,'UN','2025-06-19',75),(12,6,'Bolo de Cenoura',20.00,'KG','2025-06-28',15),(13,7,'Pão Sírio',3.00,'UN','2025-06-24',65),(14,7,'Torta de Limão',25.00,'KG','2025-06-29',10),(15,8,'Biscoito de Polvilho',2.50,'UN','2025-07-01',100),(16,8,'Biscoito Recheado',3.00,'UN','2025-07-02',90),(17,9,'Queijo Minas',30.00,'KG','2025-06-30',20),(18,9,'Requeijão Cremoso',15.00,'KG','2025-07-03',25),(19,10,'Pão de Mel',2.50,'UN','2025-07-04',45),(20,10,'Muffin de Chocolate',3.00,'UN','2025-07-05',50),(21,11,'Pão de Leite',1.00,'UN','2025-06-23',85),(22,11,'Torta Holandesa',30.00,'KG','2025-07-06',12),(23,12,'Cuca de Banana',28.00,'KG','2025-07-07',14),(24,12,'Pão de Batata',1.80,'UN','2025-06-25',70),(25,13,'Pão de Forma',6.00,'UN','2025-06-26',60),(26,13,'Pão Australiano',4.00,'UN','2025-06-27',50),(27,14,'Bolo de Morango',35.00,'KG','2025-07-08',13),(28,14,'Bolo de Coco',32.00,'KG','2025-07-09',15),(29,15,'Pão Francês Integral',0.80,'UN','2025-06-22',90),(30,15,'Fatia de Torta de Maçã',5.00,'UN','2025-07-10',40),(31,16,'Quiche de Alho-Poró',7.00,'UN','2025-07-11',35),(32,16,'Quiche de Espinafre',7.00,'UN','2025-07-11',30),(33,17,'Biscoito Amanteigado',4.50,'UN','2025-07-12',80),(34,17,'Rosquinha de Baunilha',3.00,'UN','2025-07-13',75),(35,18,'Pão Ciabatta',2.50,'UN','2025-06-28',50),(36,18,'Pão de Milho',1.90,'UN','2025-06-29',60),(37,19,'Bolo de Nozes',33.00,'KG','2025-07-14',11),(38,19,'Bolo Prestígio',36.00,'KG','2025-07-15',12),(39,20,'Pão de Azeitona',2.20,'UN','2025-06-30',55),(40,20,'Pão Australiano Integral',4.50,'UN','2025-07-01',45),(41,21,'Bolo Red Velvet',38.00,'KG','2025-07-16',10),(42,21,'Bolo de Abacaxi',34.00,'KG','2025-07-17',13),(43,22,'Pão de Erva-Doce',2.00,'UN','2025-07-02',65),(44,22,'Pão de Centeio',2.80,'UN','2025-07-03',60),(45,23,'Biscoito de Gengibre',4.00,'UN','2025-07-18',70),(46,23,'Biscoito Integral',3.50,'UN','2025-07-19',80),(47,24,'Pão de Iogurte',2.30,'UN','2025-07-04',60),(48,24,'Pão de Cebola',2.00,'UN','2025-07-05',55),(49,25,'Bolo Mousse de Maracujá',37.00,'KG','2025-07-20',10),(50,25,'Bolo de Chocolate com Recheio',40.00,'KG','2025-07-21',8),(51,26,'Empanada de Carne',5.50,'UN','2025-07-06',45),(52,26,'Empanada de Queijo',5.00,'UN','2025-07-07',40),(53,27,'Pão Australiano com Sementes',4.80,'UN','2025-07-08',55),(54,27,'Pão de Batata Doce',2.10,'UN','2025-07-09',60),(55,28,'Fatia de Torta de Limão',5.50,'UN','2025-07-22',35),(56,28,'Fatia de Torta de Morango',6.00,'UN','2025-07-23',30),(57,29,'Bolo de Banana com Canela',32.00,'KG','2025-07-24',14),(58,29,'Bolo de Laranja',30.00,'KG','2025-07-25',16),(59,30,'Pão com Gergelim',1.50,'UN','2025-07-10',65),(60,30,'Pão Multigrãos',3.50,'UN','2025-07-11',60),(61,31,'Biscoito de Chocolate',3.00,'UN','2025-07-26',90),(62,31,'Biscoito de Aveia',3.20,'UN','2025-07-27',85),(63,32,'Pão Doce com Coco',1.90,'UN','2025-07-12',70),(64,32,'Bolo de Amendoim',33.00,'KG','2025-07-28',13),(65,33,'Pão Integral com Linhaça',3.00,'UN','2025-07-13',60),(66,33,'Bolo de Cenoura com Chocolate',35.00,'KG','2025-07-29',15),(67,34,'Fatia de Bolo Floresta Negra',6.00,'UN','2025-07-30',40),(68,34,'Fatia de Bolo de Baunilha',5.50,'UN','2025-07-31',45),(69,35,'Pão de Centeio com Nozes',3.50,'UN','2025-07-14',55),(70,35,'Pão Integral com Frutas',3.80,'UN','2025-08-01',50),(71,36,'Bolo de Maracujá com Chocolate',38.00,'KG','2025-08-02',12),(72,36,'Bolo de Abacaxi com Coco',36.00,'KG','2025-08-03',13),(73,37,'Pão de Milho Doce',2.00,'UN','2025-07-15',60),(74,37,'Pão Doce com Recheio de Goiaba',2.50,'UN','2025-08-04',55),(75,38,'Biscoito de Amêndoas',4.50,'UN','2025-08-05',75),(76,38,'Rosquinha de Coco',3.20,'UN','2025-08-06',70),(77,39,'Pão Sírio Integral',3.50,'UN','2025-07-16',65),(78,39,'Pão Sírio Tradicional',3.00,'UN','2025-08-07',60),(79,40,'Bolo de Fubá Cremoso',30.00,'KG','2025-08-08',14),(80,40,'Bolo de Laranja com Cobertura',32.00,'KG','2025-08-09',13),(81,41,'Empada de Camarão',6.00,'UN','2025-08-10',40),(82,41,'Empada de Queijo com Orégano',5.50,'UN','2025-08-11',45),(83,42,'Pão Integral com Aveia',3.20,'UN','2025-07-17',55),(84,42,'Pão Integral com Linhaça',3.30,'UN','2025-08-12',60),(85,43,'Biscoito de Polvilho Recheado',3.80,'UN','2025-08-13',70),(86,43,'Biscoito de Queijo',4.00,'UN','2025-08-14',75),(87,44,'Pão Australiano com Azeitonas',4.50,'UN','2025-07-18',50),(88,44,'Pão Australiano Tradicional',4.20,'UN','2025-08-15',55),(89,45,'Fatia de Bolo de Limão Siciliano',6.50,'UN','2025-08-16',40),(90,45,'Fatia de Bolo de Maracujá',6.00,'UN','2025-08-17',45),(91,46,'Pão de Batata com Recheio',2.50,'UN','2025-07-19',60),(92,46,'Pão de Batata Tradicional',2.00,'UN','2025-08-18',55),(93,47,'Bolo de Chocolate com Morango',38.00,'KG','2025-08-19',12),(94,47,'Bolo de Chocolate Branco',40.00,'KG','2025-08-20',13),(95,48,'Pão de Erva-Doce com Gergelim',2.50,'UN','2025-07-20',55),(96,48,'Pão de Erva-Doce Tradicional',2.00,'UN','2025-08-21',60),(97,49,'Biscoito de Gengibre com Mel',4.50,'UN','2025-08-22',70),(98,49,'Biscoito Integral com Aveia',4.00,'UN','2025-08-23',75),(99,50,'Pão de Iogurte Integral',2.80,'UN','2025-07-21',60),(100,50,'Pão de Iogurte Doce',2.50,'UN','2025-08-24',55),(101,51,'Bolo Mousse de Chocolate',39.00,'KG','2025-08-25',11),(102,51,'Bolo Mousse de Morango',37.00,'KG','2025-08-26',12),(103,52,'Empanada de Frango com Catupiry',6.00,'UN','2025-08-27',40),(104,52,'Empanada de Carne Seca',6.50,'UN','2025-08-28',45),(105,53,'Pão Australiano Integral com Nozes',4.80,'UN','2025-07-22',55),(106,53,'Pão de Batata Doce com Ervas',2.30,'UN','2025-08-29',60),(107,54,'Fatia de Torta de Morango com Chocolate',6.50,'UN','2025-08-30',35),(108,54,'Fatia de Torta de Limão com Merengue',6.00,'UN','2025-08-31',30),(109,55,'Bolo de Banana com Nozes',34.00,'KG','2025-09-01',14),(110,55,'Bolo de Laranja com Amêndoas',32.00,'KG','2025-09-02',16),(111,56,'Pão com Gergelim Integral',1.80,'UN','2025-07-23',65),(112,56,'Pão Multigrãos com Sementes',3.70,'UN','2025-09-03',60),(113,57,'Biscoito de Chocolate com Avelã',3.20,'UN','2025-09-04',90),(114,57,'Biscoito de Aveia com Passas',3.50,'UN','2025-09-05',85),(115,58,'Pão Doce com Recheio de Coco',2.10,'UN','2025-07-24',70),(116,58,'Bolo de Amendoim com Chocolate',34.00,'KG','2025-09-06',13),(117,59,'Pão Integral com Nozes e Passas',3.20,'UN','2025-07-25',60),(118,59,'Bolo de Cenoura com Cobertura de Chocolate',36.00,'KG','2025-09-07',15),(119,60,'Fatia de Bolo Floresta Negra com Cereja',6.50,'UN','2025-09-08',40),(120,60,'Fatia de Bolo de Baunilha com Morango',6.00,'UN','2025-09-09',45);
/*!40000 ALTER TABLE `produtos` ENABLE KEYS */;
UNLOCK TABLES;

--
-- Table structure for table `vendas`
--

DROP TABLE IF EXISTS `vendas`;
/*!40101 SET @saved_cs_client     = @@character_set_client */;
/*!50503 SET character_set_client = utf8mb4 */;
CREATE TABLE `vendas` (
  `ID_vendas` int NOT NULL,
  `ID_func` int DEFAULT NULL,
  `venda_data` datetime DEFAULT NULL,
  `quant_vendas` int DEFAULT NULL,
  `preco_unit` decimal(10,2) DEFAULT NULL,
  `preco_total` decimal(10,2) DEFAULT NULL,
  `forma_pagamento` varchar(15) DEFAULT NULL,
  PRIMARY KEY (`ID_vendas`),
  KEY `ID_func` (`ID_func`),
  CONSTRAINT `vendas_ibfk_1` FOREIGN KEY (`ID_func`) REFERENCES `funcionario` (`ID_func`)
) ENGINE=InnoDB DEFAULT CHARSET=utf8mb4 COLLATE=utf8mb4_0900_ai_ci;
/*!40101 SET character_set_client = @saved_cs_client */;

--
-- Dumping data for table `vendas`
--

LOCK TABLES `vendas` WRITE;
/*!40000 ALTER TABLE `vendas` DISABLE KEYS */;
INSERT INTO `vendas` VALUES (1,58,'2023-06-22 17:28:04',5,49.53,247.65,'Pix'),(2,1,'2024-08-24 23:18:10',6,41.85,251.10,'Dinheiro'),(3,26,'2023-02-17 03:43:25',6,32.89,197.34,'Cartão'),(4,25,'2024-03-25 21:47:10',10,3.77,37.70,'Cartão'),(5,4,'2024-03-24 03:10:11',8,45.53,364.24,'Cartão'),(6,4,'2024-02-04 06:03:23',18,18.88,339.84,'Pix'),(7,49,'2024-04-21 13:34:12',2,49.49,98.98,'Cartão'),(8,23,'2024-10-13 07:28:17',20,21.73,434.60,'Pix'),(9,34,'2024-10-22 02:57:00',2,3.94,7.88,'Cartão'),(10,52,'2023-05-14 13:55:24',5,36.30,181.50,'Pix'),(11,48,'2023-05-10 11:39:24',16,39.36,629.76,'Pix'),(12,60,'2025-09-22 09:03:53',1,39.63,39.63,'Cartão'),(13,51,'2023-11-18 20:45:21',3,36.68,110.04,'Dinheiro'),(14,39,'2023-05-31 06:45:52',12,16.14,193.68,'Dinheiro'),(15,45,'2023-03-17 17:21:49',1,34.99,34.99,'Cartão'),(16,22,'2025-12-16 13:20:17',1,15.41,15.41,'Pix'),(17,12,'2025-11-03 13:08:03',11,42.01,462.11,'Pix'),(18,7,'2024-11-28 15:09:31',10,17.91,179.10,'Pix'),(19,12,'2024-02-29 06:11:50',17,47.57,808.69,'Cartão'),(20,10,'2023-12-17 21:28:15',1,7.10,7.10,'Dinheiro'),(21,21,'2025-04-01 22:46:09',10,36.69,366.90,'Dinheiro'),(22,37,'2024-07-11 22:15:42',11,47.31,520.41,'Cartão'),(23,50,'2025-07-23 02:05:41',2,41.12,82.24,'Pix'),(24,11,'2024-02-05 09:35:10',16,7.20,115.20,'Pix'),(25,60,'2025-06-14 05:07:44',17,5.67,96.39,'Cartão'),(26,15,'2025-01-30 05:14:25',2,20.48,40.96,'Cartão'),(27,29,'2024-10-10 23:29:54',8,24.51,196.08,'Dinheiro'),(28,53,'2024-03-23 22:08:57',9,31.67,285.03,'Dinheiro'),(29,17,'2024-12-02 03:14:18',4,25.04,100.16,'Pix'),(30,22,'2025-06-15 07:23:20',3,35.40,106.20,'Cartão'),(31,33,'2023-05-28 03:00:22',13,42.09,547.17,'Cartão'),(32,57,'2025-02-10 07:43:23',19,29.35,557.65,'Dinheiro'),(33,4,'2024-10-12 08:38:43',17,19.32,328.44,'Cartão'),(34,1,'2025-02-22 14:59:53',15,15.93,238.95,'Dinheiro'),(35,11,'2024-10-23 16:43:53',4,49.29,197.16,'Cartão'),(36,13,'2024-02-20 15:09:45',19,36.79,699.01,'Cartão'),(37,43,'2023-12-09 06:57:23',9,25.06,225.54,'Dinheiro'),(38,24,'2024-03-12 12:15:50',10,21.81,218.10,'Dinheiro'),(39,37,'2024-05-02 10:40:25',6,37.13,222.78,'Pix'),(40,20,'2025-06-07 19:04:41',15,12.03,180.45,'Cartão'),(41,57,'2023-04-18 05:18:04',6,46.59,279.54,'Cartão'),(42,30,'2025-09-09 07:33:12',17,2.20,37.40,'Pix'),(43,1,'2024-09-30 21:03:50',12,7.47,89.64,'Pix'),(44,59,'2025-05-22 03:01:59',11,13.63,149.93,'Dinheiro'),(45,35,'2023-08-03 18:26:14',4,48.42,193.68,'Dinheiro'),(46,39,'2024-06-26 01:47:06',10,38.76,387.60,'Pix'),(47,10,'2025-07-26 20:12:34',13,48.84,634.92,'Pix'),(48,60,'2023-01-09 19:54:57',12,15.13,181.56,'Pix'),(49,18,'2023-07-31 17:44:19',5,44.05,220.25,'Pix'),(50,6,'2025-12-19 20:30:59',13,44.31,576.03,'Pix'),(51,46,'2025-06-25 05:18:53',14,35.79,501.06,'Pix'),(52,40,'2023-03-23 16:39:06',11,21.13,232.43,'Pix'),(53,5,'2023-09-08 08:05:26',15,3.32,49.80,'Cartão'),(54,56,'2024-02-21 01:07:14',13,32.97,428.61,'Cartão'),(55,11,'2024-03-23 04:50:08',10,38.20,382.00,'Pix'),(56,54,'2024-01-02 06:31:54',4,19.46,77.84,'Pix'),(57,54,'2025-08-21 22:47:43',13,15.52,201.76,'Cartão'),(58,31,'2025-03-07 03:31:00',12,20.05,240.60,'Cartão'),(59,2,'2023-02-08 14:24:23',11,15.87,174.57,'Cartão'),(60,16,'2023-07-28 21:57:12',12,23.88,286.56,'Dinheiro'),(61,43,'2023-08-09 09:58:02',14,7.25,101.50,'Cartão'),(62,49,'2024-09-16 07:01:34',16,10.59,169.44,'Cartão'),(63,7,'2023-08-15 01:21:24',18,45.99,827.82,'Cartão'),(64,22,'2024-12-04 05:24:41',20,47.20,944.00,'Cartão'),(65,48,'2024-03-22 13:01:37',10,8.48,84.80,'Cartão'),(66,44,'2025-10-25 16:23:49',19,11.52,218.88,'Cartão'),(67,19,'2024-04-06 00:00:04',9,40.17,361.53,'Pix'),(68,48,'2025-05-07 09:02:57',1,37.41,37.41,'Cartão'),(69,55,'2023-08-26 19:29:13',15,8.08,121.20,'Pix'),(70,39,'2024-10-23 03:08:27',15,13.40,201.00,'Cartão'),(71,16,'2024-09-24 14:57:59',13,26.79,348.27,'Cartão'),(72,56,'2023-07-26 09:52:16',17,44.84,762.28,'Cartão'),(73,54,'2025-11-26 00:48:40',2,37.49,74.98,'Cartão'),(74,59,'2023-12-13 17:53:16',9,38.02,342.18,'Cartão'),(75,34,'2024-04-03 08:13:19',5,10.33,51.65,'Dinheiro'),(76,24,'2023-09-21 06:22:36',15,13.55,203.25,'Dinheiro'),(77,55,'2024-06-03 10:00:51',5,38.78,193.90,'Cartão'),(78,49,'2023-12-19 01:41:56',2,3.52,7.04,'Pix'),(79,55,'2023-05-29 07:54:55',7,33.19,232.33,'Cartão'),(80,18,'2024-04-16 22:55:14',2,12.97,25.94,'Cartão'),(81,18,'2023-02-14 03:07:56',16,43.80,700.80,'Cartão'),(82,51,'2025-10-07 15:13:50',2,49.00,98.00,'Pix'),(83,35,'2023-04-18 21:57:12',20,24.14,482.80,'Cartão'),(84,24,'2023-12-15 23:25:20',17,47.31,804.27,'Pix'),(85,45,'2023-01-16 12:11:59',6,9.87,59.22,'Pix'),(86,51,'2024-01-13 07:57:40',15,30.03,450.45,'Cartão'),(87,47,'2025-05-24 06:58:47',18,14.49,260.82,'Dinheiro'),(88,60,'2024-03-28 14:35:30',12,45.67,548.04,'Pix'),(89,27,'2023-03-04 15:35:02',9,46.06,414.54,'Cartão'),(90,11,'2025-08-24 12:52:16',11,18.33,201.63,'Cartão'),(91,47,'2024-11-24 02:42:49',6,15.85,95.10,'Dinheiro'),(92,31,'2023-11-07 07:22:14',13,46.25,601.25,'Cartão'),(93,8,'2025-12-30 08:53:25',11,24.66,271.26,'Cartão'),(94,1,'2024-01-27 19:15:52',20,5.71,114.20,'Dinheiro'),(95,38,'2023-04-18 12:09:55',19,39.68,753.92,'Dinheiro'),(96,43,'2024-02-10 07:48:38',14,42.46,594.44,'Cartão'),(97,12,'2025-06-20 19:26:45',13,42.12,547.56,'Cartão'),(98,2,'2024-04-22 16:52:05',17,32.54,553.18,'Cartão'),(99,9,'2025-11-23 02:42:23',4,34.87,139.48,'Cartão'),(100,54,'2023-10-29 19:04:22',9,31.77,285.93,'Pix'),(101,45,'2023-08-31 04:26:28',18,19.30,347.40,'Cartão'),(102,10,'2025-08-19 19:57:58',8,29.20,233.60,'Cartão'),(103,15,'2025-06-23 08:17:55',1,46.97,46.97,'Dinheiro'),(104,3,'2024-11-05 14:25:24',18,14.51,261.18,'Cartão'),(105,37,'2024-07-01 12:53:40',1,4.46,4.46,'Dinheiro'),(106,57,'2025-12-17 21:21:53',13,48.79,634.27,'Pix'),(107,40,'2023-10-01 11:10:33',3,44.39,133.17,'Pix'),(108,52,'2023-10-15 03:25:02',14,3.44,48.16,'Pix'),(109,8,'2024-06-22 18:12:45',1,31.37,31.37,'Dinheiro'),(110,39,'2025-02-10 16:51:43',8,28.66,229.28,'Pix'),(111,20,'2024-08-21 19:04:21',16,31.82,509.12,'Cartão'),(112,24,'2024-06-19 02:52:20',17,38.07,647.19,'Cartão'),(113,30,'2024-04-26 20:42:56',15,17.49,262.35,'Dinheiro'),(114,18,'2023-07-06 07:37:15',6,29.83,178.98,'Cartão'),(115,27,'2023-01-12 21:52:14',4,41.19,164.76,'Pix'),(116,38,'2025-06-19 00:57:55',7,45.85,320.95,'Dinheiro'),(117,1,'2024-05-24 04:55:46',3,21.50,64.50,'Pix'),(118,46,'2025-04-12 06:57:57',15,22.68,340.20,'Cartão'),(119,29,'2023-12-20 15:05:20',5,20.42,102.10,'Pix'),(120,29,'2025-10-05 15:26:52',12,10.95,131.40,'Dinheiro');
/*!40000 ALTER TABLE `vendas` ENABLE KEYS */;
UNLOCK TABLES;
/*!40103 SET TIME_ZONE=@OLD_TIME_ZONE */;

/*!40101 SET SQL_MODE=@OLD_SQL_MODE */;
/*!40014 SET FOREIGN_KEY_CHECKS=@OLD_FOREIGN_KEY_CHECKS */;
/*!40014 SET UNIQUE_CHECKS=@OLD_UNIQUE_CHECKS */;
/*!40101 SET CHARACTER_SET_CLIENT=@OLD_CHARACTER_SET_CLIENT */;
/*!40101 SET CHARACTER_SET_RESULTS=@OLD_CHARACTER_SET_RESULTS */;
/*!40101 SET COLLATION_CONNECTION=@OLD_COLLATION_CONNECTION */;
/*!40111 SET SQL_NOTES=@OLD_SQL_NOTES */;

-- Dump completed on 2025-05-20 16:11:22
